,title,company_name,location,via,share_link,extensions,detected_extensions,description,job_highlights,apply_options,job_id
0,Junior/Entry Data Analyst,SynergisticIT,"Long Beach, CA",LinkedIn,https://www.google.com/search?ibp=htl;jobs&q=Data+analyst+jobs&htidocid=_it7NoSizJtczyQbAAAAAA%3D%3D&hl=en-US&shndl=-1&shem=vslcea&source=sh/x/job/li/m1/1#fpstate=tldetail&htivrt=jobs&htiq=Data+analyst+jobs&htidocid=_it7NoSizJtczyQbAAAAAA%3D%3D,['Contractor'],{'schedule_type': 'Contractor'},"Since 2010 Synergisticit has helped Jobseekers get employed in the tech Job market by providing candidates the requisite skills, experience and technical competence to outperform at interviews and at clients. Here at SynergisticIT We just don't focus on getting you a tech Job we make careers.

In this Job market also, our candidates are able to achieve multiple job offers and $100k + salaries.

please check the below links to see success outcomes, salaries of our candidates .

https://www.synergisticit.com/candidate-outcomes/

https://reg.rf.oracle.com/flow/oracle/cwoh23/OCWExhibitorCatalog/page/OCWexhibitorcatalog

We regularly interact with the Top Tech companies to give our candidates a competitive advantage-Please visit the below videos exhibiting at Oracle Cloud world /Oracle Java one (Las vegas) -2023/2022 and at Gartner Data Analytics Summit (Florida)-2023

https://synergisticit.wistia.com/medias/tmwjwchxz5

https://synergisticit.wistia.com/medias/n8487768di

https://synergisticit.wistia.com/medias/o5gmv7i9eu

https://synergisticit.wistia.com/medias/k6t6a1n4kb

https://synergisticit.wistia.com/medias/pgrvq4fgni

https://synergisticit.wistia.com/medias/ce4syhm853

All Positions are open for all visas and US citizens

We at Synergisticit understand the problem of the mismatch between employer's requirements and Employee skills and that's why since 2010 we have helped 1000's of candidates get jobs at technology clients like apple, google, Paypal, western union, Client, visa, walmart labs etc to name a few.

Currently, We are looking for entry-level software programmers, Java Full stack developers, Python/Java developers, Data analysts/ Data Scientists, Machine Learning engineers for full time positions with clients.

Who Should Apply Recent Computer science/Engineering /Mathematics/Statistics or Science Graduates or People looking to switch careers or who have had gaps in employment and looking to make their careers in the Tech Industry.

We assist in filing for STEM extension and also for H1b and Green card filing to Candidates

We want Data Science/Machine learning/Data Analyst and Java Full stack candidates

For data Science/Machine learning Positions

Required Skills

Bachelors degree or Masters degree in Computer Science, Computer Engineering, Electrical Engineering, Information Systems, IT

Project work on the technologies needed

Highly motivated, self-learner, and technically inquisitive

Experience in programming language Java and understanding of the software development life cycle

Knowledge of Statistics, Gen AI, LLM, Python, Computer Vision, data visualization tools

Excellent written and verbal communication skills

Preferred skills: NLP, Text mining, Tableau, PowerBI, Databricks, Tensorflow

REQUIRED SKILLS For Java /Full Stack/Software Positions

Bachelors degree or Masters degree in Computer Science, Computer Engineering, Electrical Engineering, Information Systems, IT

Highly motivated, self-learner, and technically inquisitive

Experience in programming language Java and understanding of the software development life cycle

Project work on the skills

Knowledge of Core Java , javascript , C++ or software programming

Spring boot, Microservices, Docker, Jenkins, Github, Kubernates and REST API's experience

Excellent written and verbal communication skills

If you get emails from our Job Placement team and are not interested please email them or ask them to take you off their distribution list and make you unavailable as they share the same database with the client servicing team who only connect with candidates who are matching client requirements.

No phone calls please. Shortlisted candidates would be reached out. No third party or agency candidates or c2c candidates","[{'title': 'Qualifications', 'items': ['Who Should Apply Recent Computer science/Engineering /Mathematics/Statistics or Science Graduates or People looking to switch careers or who have had gaps in employment and looking to make their careers in the Tech Industry', 'For data Science/Machine learning Positions', 'Bachelors degree or Masters degree in Computer Science, Computer Engineering, Electrical Engineering, Information Systems, IT', 'Project work on the technologies needed', 'Highly motivated, self-learner, and technically inquisitive', 'Experience in programming language Java and understanding of the software development life cycle', 'Knowledge of Statistics, Gen AI, LLM, Python, Computer Vision, data visualization tools', 'Excellent written and verbal communication skills', 'REQUIRED SKILLS For Java /Full Stack/Software Positions', 'Bachelors degree or Masters degree in Computer Science, Computer Engineering, Electrical Engineering, Information Systems, IT', 'Highly motivated, self-learner, and technically inquisitive', 'Experience in programming language Java and understanding of the software development life cycle', 'Project work on the skills', 'Knowledge of Core Java , javascript , C++ or software programming', ""Spring boot, Microservices, Docker, Jenkins, Github, Kubernates and REST API's experience"", 'Excellent written and verbal communication skills']}, {'title': 'Benefits', 'items': ['In this Job market also, our candidates are able to achieve multiple job offers and $100k + salaries']}]","[{'title': 'LinkedIn', 'link': 'https://www.linkedin.com/jobs/view/junior-entry-data-analyst-at-synergisticit-3955440076?utm_campaign=google_jobs_apply&utm_source=google_jobs_apply&utm_medium=organic'}]",eyJqb2JfdGl0bGUiOiJKdW5pb3IvRW50cnkgRGF0YSBBbmFseXN0IiwiY29tcGFueV9uYW1lIjoiU3luZXJnaXN0aWNJVCIsImFkZHJlc3NfY2l0eSI6IkxvbmcgQmVhY2gsIENBIiwiaHRpZG9jaWQiOiJfaXQ3Tm9TaXpKdGN6eVFiQUFBQUFBPT0iLCJobCI6ImVuIn0=
1,Data Analyst - Remote - CA,Molina Healthcare,"Long Beach, CA",Molina Healthcare Careers,https://www.google.com/search?ibp=htl;jobs&q=Data+analyst+jobs&htidocid=uM1FmSCaycH8DYZtAAAAAA%3D%3D&hl=en-US&shndl=-1&shem=vslcea&source=sh/x/job/li/m1/1#fpstate=tldetail&htivrt=jobs&htiq=Data+analyst+jobs&htidocid=uM1FmSCaycH8DYZtAAAAAA%3D%3D,"['Full-time', 'Health insurance']","{'schedule_type': 'Full-time', 'health_insurance': True}","• **The candidates must reside in CA*****

JOB DESCRIPTION Job Summary Designs and implements processes and solutions associated with a wide variety of data sets used for data/text mining, analysis, modeling, and predicting to enable informed business decisions. Gains insight into key business problems and deliverables by applying statistical analysis techniques to examine structured and unstructured data from multiple disparate sources. Collaborates across departments and with customers to define requirements and understand business problems. Uses advanced mathematical, statistical, querying, and reporting methods to develop solutions. Develops information tools, algorithms, dashboards, and queries to monitor and improve business performance. Creates solutions from initial concept to fully tested production, and communicates results to a broad range of audiences. Effectively uses current and emerging technologies. KNOWLEDGE/SKILLS/ABILITIES
• Extracts and compiles various sources of information and large data sets from various systems to identify and analyze outliers.
• Sets up process for monitoring, tracking, and trending department data.
• Prepares any state mandated reports and analysis.
• Works with internal, external and enterprise clients as needed to research, develop, and document new standard reports or processes.
• Implements and uses the analytics software and systems to support the departments goals.
• Must have member movement or PCP reassignment or Enrollment and Provider termination experience.
• Must have intermediate level MS Excel experience,
• Familiarity with Enrollment and Managed Healthcare experience is required.
• Must be able to research and analyze data using SQL is required.
• Experience with QNXT is preferred.

Required soft skill include but are not limited to :
• Excellent communication
• Possess a team player attitude
• Ability to work in a diverse environment.
• Must be flexible and willing to learn new skills.

JOB QUALIFICATIONS

Required Education
Associate's Degree or equivalent combination of education and experience
Required Experience
1-3 years
Preferred Education
Bachelor's Degree or equivalent combination of education and experience
Preferred Experience
3-5 years

To all current Molina employees: If you are interested in applying for this position, please apply through the intranet job listing.
Molina Healthcare offers a competitive benefits and compensation package. Molina Healthcare is an Equal Opportunity Employer (EOE) M/F/D/V.

Pay Range: $66,560 - $97,362.61 / ANNUAL
• Actual compensation may vary from posting based on geographic location, work experience, education and/or skill level.","[{'title': 'Qualifications', 'items': ['Must have member movement or PCP reassignment or Enrollment and Provider termination experience', 'Must have intermediate level MS Excel experience,', 'Familiarity with Enrollment and Managed Healthcare experience is required', 'Must be able to research and analyze data using SQL is required', 'Required soft skill include but are not limited to :', 'Excellent communication', 'Possess a team player attitude', 'Ability to work in a diverse environment', 'Must be flexible and willing to learn new skills', ""Associate's Degree or equivalent combination of education and experience"", 'Required Experience', '1-3 years', ""Bachelor's Degree or equivalent combination of education and experience"", '3-5 years']}, {'title': 'Benefits', 'items': ['Pay Range: $66,560 - $97,362.61 / ANNUAL', 'Actual compensation may vary from posting based on geographic location, work experience, education and/or skill level']}, {'title': 'Responsibilities', 'items': ['JOB DESCRIPTION Job Summary Designs and implements processes and solutions associated with a wide variety of data sets used for data/text mining, analysis, modeling, and predicting to enable informed business decisions', 'Gains insight into key business problems and deliverables by applying statistical analysis techniques to examine structured and unstructured data from multiple disparate sources', 'Collaborates across departments and with customers to define requirements and understand business problems', 'Uses advanced mathematical, statistical, querying, and reporting methods to develop solutions', 'Develops information tools, algorithms, dashboards, and queries to monitor and improve business performance', 'Creates solutions from initial concept to fully tested production, and communicates results to a broad range of audiences', 'Effectively uses current and emerging technologies', 'Extracts and compiles various sources of information and large data sets from various systems to identify and analyze outliers', 'Sets up process for monitoring, tracking, and trending department data', 'Prepares any state mandated reports and analysis', 'Works with internal, external and enterprise clients as needed to research, develop, and document new standard reports or processes', 'Implements and uses the analytics software and systems to support the departments goals']}]","[{'title': 'Molina Healthcare Careers', 'link': 'https://careers.molinahealthcare.com/job/long-beach/data-analyst-remote-ca/21726/67943161856?utm_campaign=google_jobs_apply&utm_source=google_jobs_apply&utm_medium=organic'}, {'title': 'ZipRecruiter', 'link': 'https://www.ziprecruiter.com/c/Molina-Healthcare/Job/Analyst,-Data/-in-Long-Beach,CA?jid=4430ecf41eb5143b&utm_campaign=google_jobs_apply&utm_source=google_jobs_apply&utm_medium=organic'}, {'title': 'Molina Healthcare Jobs', 'link': 'https://molinahealthcare.dejobs.org/long-beach-ca/data-analyst-remote-ca/C8C597C5115E4F8C8BCBB3492131B5FF/job/?vs=5011&utm_campaign=google_jobs_apply&utm_source=google_jobs_apply&utm_medium=organic'}, {'title': 'SimplyHired', 'link': 'https://www.simplyhired.com/job/AjMmpfpDIbBc5kzzD5CF2wAm-w1IrIsBpvfKQfcsmlufNiFaBO2hLg?utm_campaign=google_jobs_apply&utm_source=google_jobs_apply&utm_medium=organic'}, {'title': 'DE Jobs', 'link': 'https://de.jobsyn.org/c8c597c5115e4f8c8bcbb3492131b5ff5011?utm_campaign=google_jobs_apply&utm_source=google_jobs_apply&utm_medium=organic'}, {'title': 'USNLX Diversity Jobs - National Labor Exchange', 'link': 'https://diversity.usnlx.com/long-beach-ca/assoc-analyst-data-remote-ca/5B7746A646AB45D1B53FC6CEE623412A/job/?vs=28&utm_campaign=google_jobs_apply&utm_source=google_jobs_apply&utm_medium=organic'}, {'title': 'Emplois Chez SCI - Service Corporation International', 'link': 'https://emplois.sci-corp.com/long-beach-ca/data-analyst-remote-ca/C8C597C5115E4F8C8BCBB3492131B5FF/job/?vs=28&utm_campaign=google_jobs_apply&utm_source=google_jobs_apply&utm_medium=organic'}, {'title': 'Jobcase', 'link': 'https://www.jobcase.com/jobs/view/n/U-114882743001?utm_campaign=google_jobs_apply&utm_source=google_jobs_apply&utm_medium=organic'}]",eyJqb2JfdGl0bGUiOiJEYXRhIEFuYWx5c3QgLSBSZW1vdGUgLSBDQSIsImNvbXBhbnlfbmFtZSI6Ik1vbGluYSBIZWFsdGhjYXJlIiwiYWRkcmVzc19jaXR5IjoiTG9uZyBCZWFjaCwgQ0EiLCJodGlkb2NpZCI6InVNMUZtU0NheWNIOERZWnRBQUFBQUE9PSIsImhsIjoiZW4ifQ==
2,Data Analyst II,Fisher Phillips,Anywhere,LinkedIn,https://www.google.com/search?ibp=htl;jobs&q=Data+analyst+jobs&htidocid=iQmP_ROfdfyKCIG6AAAAAA%3D%3D&hl=en-US&shndl=-1&shem=vslcea&source=sh/x/job/li/m1/1#fpstate=tldetail&htivrt=jobs&htiq=Data+analyst+jobs&htidocid=iQmP_ROfdfyKCIG6AAAAAA%3D%3D,"['2 days ago', 'Work from home', 'Full-time', 'Health insurance', 'Paid time off', 'Dental insurance']","{'posted_at': '2 days ago', 'work_from_home': True, 'schedule_type': 'Full-time', 'health_insurance': True, 'paid_time_off': True, 'dental_coverage': True}","DATA ANALYST II

At Fisher Phillips, we know exceptional talent is the key to our success, to providing the best service to our internal and external clients. Being a part of the Fisher Phillips team means you will work with cutting edge technology in a professional and fun environment under leadership ready to invest in your professional development. If you have a growth mindset, are eager to challenge yourself, and desire to work with a team of professionals instituting change on an ongoing basis, keep reading.

THE OPPORTUNITY

Fisher Phillips, an award-winning international employment and labor law firm is hiring a Data Analyst II to support the needs of our firm. Our range of experience enables us to bring efficient and practical solutions to today's labor and employment law problems. This position can be worked remote/hybrid out of our Los Angeles or Irvine offices. For more information about the firm, please visit us at our website at www.fisherphillips.com.

In this role, the Data Analyst II performs under the direction and supervision of an attorney and should strive to perform high-quality billable work for the benefit of our clients and the support of our attorneys. We expect the Data Analyst II to provide a high level of expertise in assisting clients and attorneys while managing a busy case and/or matter load. The Data Analyst II is expected to record 1500 or more billable hours during the performance year. The performance year begins October 1 and ends September 30. The Data Analyst does not render legal advice to a client, ever.

The Data Analyst II is responsible for analyzing client data. The analyst designs, creates and analyzes data reports for results, trends and variations. The Data Analyst II must have superior excel skills and be comfortable evaluating large amounts of data and creating formulas for proper analysis.

Position Responsibilities
• Draft Damage Model to determine the gross damage exposure of claims that are egregious or authorized by relevant statutes. Design reports and formulae in excel that will provide the analysis needed to predict damages in different scenarios; and working with the attorneys to manipulate the data to get the information they need.
• Perform Time Card Analysis in order to identify any meal period violations and provide any other insightful information. Formulae will be altered to change the parameters and lawyers will ask for “what if”analyses, like what are the penalties if there are 1,000 FTE plaintiffs and they all worked w to x while missing y number of breaks a week and working z overtime hours per month on average.
• Receives confidential client data and performs quality control test. Cleans, aggregates, and transforms variety of data formats into excel format for analysis.
• Check modeling results for quality and reports on data as needed
• Analyze payroll and time data to determine if wages were appropriately disbursed.
• Pay plan calculator design and manipulation, which involves reading the criteria for commissions and bonuses that are set forth in a pay plan or contract and designing excel spreadsheets that will allow our client to use the calculator to determine wages owed. Legal training not required even though they are reading agreements. The criteria are fairly clear, usually, to someone with business acumen.
• Creating spreadsheets to analyze other business data, or manipulating spreadsheets provided by the client, on things like profit and loss calculations on a business unit related to a case we are defending
• Manage deadlines and ensure project steps are completed and progressed in a timely fashion.
• Interpret client data to identify statistical trends through data aggregation, sorting, and statistical analyses.
• Collaborate with other team members, attorneys, paralegals and class action attorneys.
• Statistical estimation and testing for adverse impact in employer hiring, promotion and termination processes.
• Linear and logistic regression modeling and hypothesis testing used in preventative pay equity reviews.
• Utilize Excel to work with client data to identify statistical trends in Human Resources data.
• Work with client data to identify statistical trends in employer selection
• General excel work beyond the capability of an admin or word processor
• Written and verbal contact with HR and legal professionals at Fortune 500 companies.

Requirements
• Bachelor’s Degree required.
• 2-4 years data analyst experience (legal experience preferred).
• Highly proficient in Microsoft Excel; and superior with Microsoft Office Professional Suite.
• Experience with Python and Tableau preferred.
• Extremely efficient, organized and resourceful.
• Critical thinking and problem-solving skills required
• Ability to multi-task and manage multiple projects, from start to finish, with shifting priority levels.
• Strong organizational and communication skills.
• Experience with routine billable time and cost capturing for analysis performed.
• Be consistently at work and on time; arrive at meetings and appointments on time; ensure work responsibilities are covered when absent.
• Respond promptly to attorney and client requests for service and assistance; meet commitments.
• Follow instructions; complete tasks on time; commit to the hours necessary to complete assignments; work independently.
• Approach others in a tactful manner; treat others with respect; react well under pressure.
• Contribute to building a positive team spirit; support everyone’s efforts to succeed.
• Takes ownership; gets the job done without the need for prodding or supervision.
• Respects the time constraints faced by the lawyers in the office.
• Adapts well to fluctuations in workload and changes in responsibilities.
• Maintains a professional demeanor in high-stress situations.

What We Provide

Fisher Phillips is committed to attracting the best Professional Staff, we offer competitive salaries and an expansive benefits package deal for our eligible Staff including Performance-based Salary Increases, Affordable Health and Life Insurance with Medical, Dental and Vision coverage, Health Savings Account/Flexible Spending Accounts, Sick Time, Paid Time Off, Paid Holidays, 401(k) and Profit Sharing. Our Firm supports personal wellness and provides a thriving Wellness Program, 24/7 Telehealth Services and Employee Assistance Program. We also offer optional benefits such as Critical Care, Student Loan Refinancing Program, Pet Insurance and more.

No relocation costs. Principals only; no calls please.

We are committed to providing equal employment opportunities to all employees and applicants without regard to race, ethnicity, religion, color, sex (including childbirth, breast feeding and related medical conditions), gender, gender identity or expression, sexual orientation, national origin, ancestry, citizenship status, uniform service member and veteran status, marital status, pregnancy, age, protected medical condition, genetic information, disability or any other protected status in accordance with all applicable federal, state and local laws.

The hourly rate range for this position is $37.50 - $43.70. Actual base pay within this range will be determined by several components, including but not limited to, relevant experience, internal equity, skills, qualifications, and other job-related factors permitted by law.","[{'title': 'Qualifications', 'items': ['The Data Analyst II must have superior excel skills and be comfortable evaluating large amounts of data and creating formulas for proper analysis', 'Legal training not required even though they are reading agreements', 'The criteria are fairly clear, usually, to someone with business acumen', 'General excel work beyond the capability of an admin or word processor', 'Bachelor’s Degree required', 'Highly proficient in Microsoft Excel; and superior with Microsoft Office Professional Suite', 'Extremely efficient, organized and resourceful', 'Critical thinking and problem-solving skills required', 'Ability to multi-task and manage multiple projects, from start to finish, with shifting priority levels', 'Strong organizational and communication skills', 'Experience with routine billable time and cost capturing for analysis performed', 'Approach others in a tactful manner; treat others with respect; react well under pressure', 'Contribute to building a positive team spirit; support everyone’s efforts to succeed', 'Takes ownership; gets the job done without the need for prodding or supervision', 'Respects the time constraints faced by the lawyers in the office', 'Maintains a professional demeanor in high-stress situations']}, {'title': 'Benefits', 'items': ['Fisher Phillips is committed to attracting the best Professional Staff, we offer competitive salaries and an expansive benefits package deal for our eligible Staff including Performance-based Salary Increases, Affordable Health and Life Insurance with Medical, Dental and Vision coverage, Health Savings Account/Flexible Spending Accounts, Sick Time, Paid Time Off, Paid Holidays, 401(k) and Profit Sharing', 'Our Firm supports personal wellness and provides a thriving Wellness Program, 24/7 Telehealth Services and Employee Assistance Program', 'We also offer optional benefits such as Critical Care, Student Loan Refinancing Program, Pet Insurance and more', 'No relocation costs', 'The hourly rate range for this position is $37.50 - $43.70']}, {'title': 'Responsibilities', 'items': ['In this role, the Data Analyst II performs under the direction and supervision of an attorney and should strive to perform high-quality billable work for the benefit of our clients and the support of our attorneys', 'We expect the Data Analyst II to provide a high level of expertise in assisting clients and attorneys while managing a busy case and/or matter load', 'The Data Analyst II is expected to record 1500 or more billable hours during the performance year', 'The performance year begins October 1 and ends September 30', 'The Data Analyst does not render legal advice to a client, ever', 'The Data Analyst II is responsible for analyzing client data', 'The analyst designs, creates and analyzes data reports for results, trends and variations', 'Draft Damage Model to determine the gross damage exposure of claims that are egregious or authorized by relevant statutes', 'Design reports and formulae in excel that will provide the analysis needed to predict damages in different scenarios; and working with the attorneys to manipulate the data to get the information they need', 'Perform Time Card Analysis in order to identify any meal period violations and provide any other insightful information', 'Formulae will be altered to change the parameters and lawyers will ask for “what if”analyses, like what are the penalties if there are 1,000 FTE plaintiffs and they all worked w to x while missing y number of breaks a week and working z overtime hours per month on average', 'Receives confidential client data and performs quality control test', 'Cleans, aggregates, and transforms variety of data formats into excel format for analysis', 'Check modeling results for quality and reports on data as needed', 'Analyze payroll and time data to determine if wages were appropriately disbursed', 'Pay plan calculator design and manipulation, which involves reading the criteria for commissions and bonuses that are set forth in a pay plan or contract and designing excel spreadsheets that will allow our client to use the calculator to determine wages owed', 'Creating spreadsheets to analyze other business data, or manipulating spreadsheets provided by the client, on things like profit and loss calculations on a business unit related to a case we are defending', 'Manage deadlines and ensure project steps are completed and progressed in a timely fashion', 'Interpret client data to identify statistical trends through data aggregation, sorting, and statistical analyses', 'Collaborate with other team members, attorneys, paralegals and class action attorneys', 'Statistical estimation and testing for adverse impact in employer hiring, promotion and termination processes', 'Linear and logistic regression modeling and hypothesis testing used in preventative pay equity reviews', 'Utilize Excel to work with client data to identify statistical trends in Human Resources data', 'Work with client data to identify statistical trends in employer selection', 'Written and verbal contact with HR and legal professionals at Fortune 500 companies', 'Be consistently at work and on time; arrive at meetings and appointments on time; ensure work responsibilities are covered when absent', 'Respond promptly to attorney and client requests for service and assistance; meet commitments', 'Follow instructions; complete tasks on time; commit to the hours necessary to complete assignments; work independently', 'Adapts well to fluctuations in workload and changes in responsibilities']}]","[{'title': 'LinkedIn', 'link': 'https://www.linkedin.com/jobs/view/data-analyst-ii-at-fisher-phillips-4025609053?utm_campaign=google_jobs_apply&utm_source=google_jobs_apply&utm_medium=organic'}, {'title': 'Indeed', 'link': 'https://www.indeed.com/viewjob?jk=f504dc52be793123&utm_campaign=google_jobs_apply&utm_source=google_jobs_apply&utm_medium=organic'}, {'title': 'Glassdoor', 'link': 'https://www.glassdoor.com/job-listing/data-analyst-ii-fisher-and-phillips-JV_KO0,15_KE16,35.htm?jl=1009386043253&utm_campaign=google_jobs_apply&utm_source=google_jobs_apply&utm_medium=organic'}, {'title': 'LazyApply', 'link': 'https://lazyapply.com/jobpreview/job_26109ce01ced9f79?utm_campaign=google_jobs_apply&utm_source=google_jobs_apply&utm_medium=organic'}]",eyJqb2JfdGl0bGUiOiJEYXRhIEFuYWx5c3QgSUkiLCJjb21wYW55X25hbWUiOiJGaXNoZXIgUGhpbGxpcHMiLCJhZGRyZXNzX2NpdHkiOiJMb3MgQW5nZWxlcywgQ0EiLCJodGlkb2NpZCI6ImlRbVBfUk9mZGZ5S0NJRzZBQUFBQUE9PSIsImhsIjoiZW4ifQ==
3,Data Analyst (ENTRY LEVEL),SynergisticIT,"Long Beach, CA",ZipRecruiter,https://www.google.com/search?ibp=htl;jobs&q=Data+analyst+jobs&htidocid=Qj3FTrGg24U5yfDQAAAAAA%3D%3D&hl=en-US&shndl=-1&shem=vslcea&source=sh/x/job/li/m1/1#fpstate=tldetail&htivrt=jobs&htiq=Data+analyst+jobs&htidocid=Qj3FTrGg24U5yfDQAAAAAA%3D%3D,['Full-time'],{'schedule_type': 'Full-time'},"SYNERGISTICIT wants every Job seeker to be aware that the Job Market is Challenging and to stand out you need to have exceptional skills and technologies which make you stand out from other Job seekers.
If your skills and your project work are similar to others then it's difficult to stand out to the clients. Since 2010 we have helped Jobseekers stand out by ensuring only the best candidates with the requisite skillset go to the clients and get the attention that they need. We just don't focus on getting you a Job we make careers

Position open for all visas and US citizens

We at SynergisticIT understand the problem of the mismatch between employer's requirements and Employee skills and that's why since 2010 we have helped thousands of candidates get jobs at technology clients like Apple, Google, Paypal, Western Union, Client, Walmart labs, etc to name a few.

We have an excellent reputation with the clients. Currently, We are looking for entry-level software programmers, Java Full stack developers, Python/Java developers, Data analysts/ Data Scientists.

Who Should Apply: Recent Computer Science/Engineering /Mathematics/Statistics or Science Graduates looking to make their careers in IT Industry

We welcome candidates with all visas and citizens to apply.

We assist in filing for STEM extension and also for H1b and Green card filing

Candidates who are serious about their future in the IT Industry and have set big goals for themselves.

Candidates having difficulty in finding jobs or cracking interviews or who want to improve their skill portfolio. We also offer Skill enhancement programs if the candidates are missing skills or experience which our clients need with great outcomes

Candidates can benefit from skill enhancement if they fall into the below categories. If they are qualified with enough skills then no need for skill enhancement

Candidates who Lack Experience
Have had a break in careers
Lack Technical Competency
Different visa candidates who want to get employed and settle down in the USA

Please also check the below links

Best Programmers in USA | Best Coding Bootcamp - SynergisticIT

https://www.youtube.com/watch?v=OAFOhcGy9Z8

https://www.synergisticit.com/java-track/

https://www.synergisticit.com/data-science-track/

https://www.synergisticit.com/which-is-the-best-option-for-tech-job-seekers-staffing-companies-consulting-companies-bootcamps-or-synergisticit/

https://www.synergisticit.com/contact-us/

If not a match candidates can opt for Skill enhancement

For getting help with interviews please visit

https://www.synergisticit.com/interview-questions/

REQUIRED SKILLS For java / Software Programmers
• Bachelor's degree or Masters's degree in Computer Science, Computer Engineering, Electrical Engineering, Information Systems, IT
• Highly motivated, self-learner, and technically inquisitive
• Experience in the programming language Java and understanding of the software development life cycle
• Project work on the skills
• Knowledge of Core Java, Javascript, C++, or software programming
• Spring boot, Microservices, Docker, Jenkins, and REST API experience
• Excellent written and verbal communication skills

For data Science/Machine learning
REQUIRED SKILLS
• Bachelor's degree or Masters's degree in Computer Science, Computer Engineering, Electrical Engineering, Information Systems, IT
• Project work on the technologies needed
• Highly motivated, self-learner, and technically inquisitive
• Experience in the programming language Java and understanding of the software development life cycle
• Knowledge of Statistics, SAS, Python, Computer Vision, and data visualization tools
• Excellent written and verbal communication skills
Preferred skills: NLP, Text mining, Tableau, Time series analysis

Please understand skills are required by clients for selection even if it's a Junior or entry-level position the additional skills and Project work are the only way a candidate can be picked by clients. If not having the above candidates can opt for skill enhancement to gain the required skills and project work.

No third-party or C2C candidates

Please apply to the posting","[{'title': 'Qualifications', 'items': ['Who Should Apply: Recent Computer Science/Engineering /Mathematics/Statistics or Science Graduates looking to make their careers in IT Industry', 'Different visa candidates who want to get employed and settle down in the USA', 'REQUIRED SKILLS For java / Software Programmers', ""Bachelor's degree or Masters's degree in Computer Science, Computer Engineering, Electrical Engineering, Information Systems, IT"", 'Highly motivated, self-learner, and technically inquisitive', 'Experience in the programming language Java and understanding of the software development life cycle', 'Project work on the skills', 'Knowledge of Core Java, Javascript, C++, or software programming', 'Spring boot, Microservices, Docker, Jenkins, and REST API experience', 'Excellent written and verbal communication skills', 'For data Science/Machine learning', ""Bachelor's degree or Masters's degree in Computer Science, Computer Engineering, Electrical Engineering, Information Systems, IT"", 'Project work on the technologies needed', 'Highly motivated, self-learner, and technically inquisitive', 'Experience in the programming language Java and understanding of the software development life cycle', 'Knowledge of Statistics, SAS, Python, Computer Vision, and data visualization tools', 'Excellent written and verbal communication skills', ""Please understand skills are required by clients for selection even if it's a Junior or entry-level position the additional skills and Project work are the only way a candidate can be picked by clients""]}]","[{'title': 'ZipRecruiter', 'link': 'https://www.ziprecruiter.com/c/SynergisticIT/Job/Data-Analyst-(ENTRY-LEVEL)/-in-Long-Beach,CA?jid=7cf3c852aa119cdd&utm_campaign=google_jobs_apply&utm_source=google_jobs_apply&utm_medium=organic'}, {'title': 'Healthy Home Cafe', 'link': 'https://healthyhomecafe.com/joblib/job/data-analyst-entry-level-at-synergisticit-long-beach-ca-OHY4V0VxY3hza3FJeFE4eGZ4Vm94L3dnVnc9PQ==?utm_campaign=google_jobs_apply&utm_source=google_jobs_apply&utm_medium=organic'}, {'title': 'Llbarch.com', 'link': 'https://llbarch.com/jobs/job/data-analyst-entry-level-at-synergisticit-long-beach-ca-NjlGeXFwcUgyZlY4d2E1NGQwT09OWldDU1E9PQ==?utm_campaign=google_jobs_apply&utm_source=google_jobs_apply&utm_medium=organic'}, {'title': 'Yodisabledproud.org', 'link': 'https://yodisabledproud.org/job-library/job/data-analyst-entry-level-at-synergisticit-long-beach-ca-dm53ZVpOeFNDSlJwb2JZczhjeklJOHhSWFE9PQ==?utm_campaign=google_jobs_apply&utm_source=google_jobs_apply&utm_medium=organic'}, {'title': ""Wynn's Grain And Spice"", 'link': 'https://wynnsgrainandspice.com/office/job/data-analyst-entry-level-at-synergisticit-long-beach-ca-QWhmcFNab2Q5ODhaUDgyNzd0TUwxWDErK2c9PQ==?utm_campaign=google_jobs_apply&utm_source=google_jobs_apply&utm_medium=organic'}, {'title': 'Adenterprises.ca', 'link': 'https://adenterprises.ca/list/job/data-analyst-entry-level-at-synergisticit-long-beach-ca-TkgvQzNRcjdxK21zRFJObTdhR1BRR1lRMlE9PQ==?utm_campaign=google_jobs_apply&utm_source=google_jobs_apply&utm_medium=organic'}, {'title': 'Carservicestop.co.uk', 'link': 'https://carservicestop.co.uk/list/job/data-analyst-entry-level-at-synergisticit-long-beach-ca-TEt1WUZFdlhtZUI4WHRXMncyZG9oT2RWL2c9PQ==?utm_campaign=google_jobs_apply&utm_source=google_jobs_apply&utm_medium=organic'}, {'title': 'Icemanrefrigeration.ca', 'link': 'https://icemanrefrigeration.ca/wp-job/job/data-analyst-entry-level-at-synergisticit-long-beach-ca-eTNDQTFSN3czNE85cGJTL011b21MN1FJc0E9PQ==?utm_campaign=google_jobs_apply&utm_source=google_jobs_apply&utm_medium=organic'}]",eyJqb2JfdGl0bGUiOiJEYXRhIEFuYWx5c3QgKEVOVFJZIExFVkVMKSIsImNvbXBhbnlfbmFtZSI6IlN5bmVyZ2lzdGljSVQiLCJhZGRyZXNzX2NpdHkiOiJMb25nIEJlYWNoLCBDQSIsImh0aWRvY2lkIjoiUWozRlRyR2cyNFU1eWZEUUFBQUFBQT09IiwiaGwiOiJlbiJ9
4,"Assoc Analyst, Data - Remote - CA",Molina Healthcare,Anywhere,Talentify,https://www.google.com/search?ibp=htl;jobs&q=Data+analyst+jobs&htidocid=gaUtKGDyhSwuQ2qSAAAAAA%3D%3D&hl=en-US&shndl=-1&shem=vslcea&source=sh/x/job/li/m1/1#fpstate=tldetail&htivrt=jobs&htiq=Data+analyst+jobs&htidocid=gaUtKGDyhSwuQ2qSAAAAAA%3D%3D,"['Work from home', 'Full-time', 'Health insurance']","{'work_from_home': True, 'schedule_type': 'Full-time', 'health_insurance': True}","Employer Industry: Healthcare Services

Why consider this job opportunity:
- Opportunity for career advancement and growth within the organization
- Competitive benefits and compensation package
- Engaging work environment that values teamwork and diversity
- Chance to enhance your skills in data analysis and reporting
- Supportive leadership that encourages continuous learning

What to Expect (Job Responsibilities):
- Design and implement processes and solutions for data mining, analysis, and modeling
- Analyze structured and unstructured data to deliver insights on business problems
- Develop algorithms, dashboards, and queries to monitor and improve business performance
- Prepare reports and support ad hoc reporting requests for department staff
- Collaborate across departments to define requirements and understand business challenges

What is Required (Qualifications):
- Minimum educational requirement: High School Diploma or GED
- 0-1 year of relevant experience
- Intermediate level MS Excel experience
- Familiarity with Enrollment and Managed Healthcare
- Experience with member movement or PCP reassignment or Enrollment and Provider termination

How to Stand Out (Preferred Qualifications):
- Associate degree or equivalent combination of education and experience
- 1-3 years of relevant experience
- Knowledge of SQL
- Experience with QNXT

#HealthcareServices #DataAnalysis #CareerOpportunity #Teamwork #ContinuousLearning

At Talentify, we prioritize candidate privacy and champion equal-opportunity employment. Central to our mission is our partnership with companies that share this commitment. We aim to foster a fair, transparent, and secure hiring environment for all. If you encounter any employer not adhering to these principles, please bring it to our attention immediately.
Talentify is not the EOR (Employer of Record) for this position. Our role in this specific opportunity is to connect outstanding candidates with a top-tier employer.","[{'title': 'Qualifications', 'items': ['Minimum educational requirement: High School Diploma or GED', '0-1 year of relevant experience', 'Intermediate level MS Excel experience', 'Familiarity with Enrollment and Managed Healthcare', 'Experience with member movement or PCP reassignment or Enrollment and Provider termination']}, {'title': 'Benefits', 'items': ['Opportunity for career advancement and growth within the organization', 'Competitive benefits and compensation package', 'Engaging work environment that values teamwork and diversity', 'Supportive leadership that encourages continuous learning']}, {'title': 'Responsibilities', 'items': ['Chance to enhance your skills in data analysis and reporting', 'Design and implement processes and solutions for data mining, analysis, and modeling', 'Analyze structured and unstructured data to deliver insights on business problems', 'Develop algorithms, dashboards, and queries to monitor and improve business performance', 'Prepare reports and support ad hoc reporting requests for department staff', 'Collaborate across departments to define requirements and understand business challenges']}]","[{'title': 'Talentify', 'link': 'https://www.talentify.io/job/assoc-analyst-data-remote-ca-long-beach-california-molina-healthcare-2026880?utm_campaign=google_jobs_apply&utm_source=google_jobs_apply&utm_medium=organic'}]",eyJqb2JfdGl0bGUiOiJBc3NvYyBBbmFseXN0LCBEYXRhIC0gUmVtb3RlIC0gQ0EiLCJjb21wYW55X25hbWUiOiJNb2xpbmEgSGVhbHRoY2FyZSIsImFkZHJlc3NfY2l0eSI6IkxvbmcgQmVhY2gsIENBIiwiaHRpZG9jaWQiOiJnYVV0S0dEeWhTd3VRMnFTQUFBQUFBPT0iLCJobCI6ImVuIn0=
5,Entry Level Python Programmer/Data scientist/Analyst,SynergisticIT,"Carson, CA",ZipRecruiter,https://www.google.com/search?ibp=htl;jobs&q=Data+analyst+jobs&htidocid=-HFZP9NeTestNTPPAAAAAA%3D%3D&hl=en-US&shndl=-1&shem=vslcea&source=sh/x/job/li/m1/1#fpstate=tldetail&htivrt=jobs&htiq=Data+analyst+jobs&htidocid=-HFZP9NeTestNTPPAAAAAA%3D%3D,['Full-time'],{'schedule_type': 'Full-time'},"SYNERGISTICIT is aware that the Job Market is Challenging due to almost 300,000 Tech Layoffs within the past year due to which The Job market is flooded with thousands of laid off Techies who are competing with existing Jobseekers. For entry level Job seekers to get client interviews and jobs they need to differentiate themselves by ensuring they have exceptional skills and technologies to be noticed by clients.

Since 2010 we have helped Jobseekers differentiate themselves by providing the clients with candidates who have the requisite skills and experience to outperform at interviews and clients. Here at SynergisticIT We just don't focus on getting you a Job we make careers.

All Positions are open for all visas and US citizens

We are matchmakers we provide clients with candidates who can perform from day 1 of starting work. In this economy no client wants or has the resources to take an entry level person and spend resources on upgrading their skills and on top of that pay the jobseeker. That's the specific reason there are so many techies both experience and freshers who are unemployed.

Clients have now the option to hire remote workers from anywhere so for a Jobseeker its important to introspect and see how they can become better and have the skills and technologies to meet client requirements.

We at Synergisticit understand the problem of the mismatch between employer's requirements and Employee skills and that's why since 2010 we have helped thousands of candidates get jobs at technology clients like apple, google, Paypal, western union, Client, visa, walmart labs etc to name a few.

We have an excellent reputation with the clients. Currently, We are looking for entry-level software programmers, Java Full stack developers, Python/Java developers, Data analysts/ Data Scientists, Machine Learning engineers for full time positions with clients.

Who Should Apply Recent Computer science/Engineering /Mathematics/Statistics or Science Graduates looking to make their careers in IT Industry

We welcome candidates with all visas and citizens to apply.

We assist in filing for STEM extension and also for H1b and Green card filing to Candidates

We also offer optionally Skill and technology enhancement programs for candidates who are either missing skills or are lacking Industry/Client experience with Projects and skills. Candidates having difficulty in finding jobs or cracking interviews or who wants to improve their skill portfolio. If they are qualified with enough skills and have hands on project work at clients then you should be good to be submitted to clients. Shortlisting and selection is totally based on clients discretion not ours.

If you get emails from our skill enhancement team please ask them to take you off their distribution list and make you unavailable as they share the same database with the client servicing team.

please check the below links to see success outcomes of our candidates

https://www.synergisticit.com/candidate-outcomes/

We are also silver sponsors at Oracle Cloudworld , Las vegas from sept 18-21 st - please visit us

https://www.oracle.com/cloudworld/sponsor-listing/#synergistic-it

Watch the below videos of us participating at Industry events with the Top companies in Technology at Oracle Cloud world /Oracle Java one (Las vegas) and at Gartner Data Analytics Summit (Florida)

Oracle CloudWorld Event (OCW) Las Vegas 2022 | SynergisticIT - YouTube
https://www.youtube.com/watch?v=OAFOhcGy9Z8
https://www.youtube.com/watch?v=EmO7NrWHkLM
https://www.youtube.com/watch?v=NVBU9RYZ6UI
https://www.youtube.com/watch?v=Yy74yvjatVg
SynergisticIT at Gartner Data and Analytics Summit 2023 - YouTube

If you have relevant skills and industry experience, please apply

For preparing for interviews please visit

https://www.synergisticit.com/interview-questions/

REQUIRED SKILLS For Java /Software Programmers
• Bachelors degree or Masters degree in Computer Science, Computer Engineering, Electrical Engineering, Information Systems, IT
• Highly motivated, self-learner, and technically inquisitive
• Experience in programming language Java and understanding of the software development life cycle
• Project work on the skills
• Knowledge of Core Java , javascript , C++ or software programming
• Spring boot, Microservices, Docker, Jenkins and REST API's experience
• Excellent written and verbal communication skills

For data Science/Machine learning
REQUIRED SKILLS
• Bachelors degree or Masters degree in Computer Science, Computer Engineering, Electrical Engineering, Information Systems, IT
• Project work on the technologies needed
• Highly motivated, self-learner, and technically inquisitive
• Experience in programming language Java and understanding of the software development life cycle
• Knowledge of Statistics, SAS, Python, Computer Vision, data visualization tools
• Excellent written and verbal communication skills
Preferred skills: NLP, Text mining, Tableau, PowerBI, Time series analysis

Please understand skills and relevant experience on real world projects are required by clients for selection even if its Junior or entry level position the additional skills and Project work with hands on experience building projects at client site are the only way a candidate can be picked by clients.

No third party candidates or c2c candidates

please only apply to the posting

If you get emails from our skill enhancement team please ask them to take you off their distribution list and make you unavailable as they share the same database with the client servicing team.

No phone calls please. Shortlisted candidates would be reached out.","[{'title': 'Qualifications', 'items': ['Who Should Apply Recent Computer science/Engineering /Mathematics/Statistics or Science Graduates looking to make their careers in IT Industry', 'Candidates having difficulty in finding jobs or cracking interviews or who wants to improve their skill portfolio', 'If they are qualified with enough skills and have hands on project work at clients then you should be good to be submitted to clients', 'REQUIRED SKILLS For Java /Software Programmers', 'Bachelors degree or Masters degree in Computer Science, Computer Engineering, Electrical Engineering, Information Systems, IT', 'Highly motivated, self-learner, and technically inquisitive', 'Experience in programming language Java and understanding of the software development life cycle', 'Project work on the skills', 'Knowledge of Core Java , javascript , C++ or software programming', ""Spring boot, Microservices, Docker, Jenkins and REST API's experience"", 'Excellent written and verbal communication skills', 'For data Science/Machine learning', 'Bachelors degree or Masters degree in Computer Science, Computer Engineering, Electrical Engineering, Information Systems, IT', 'Project work on the technologies needed', 'Highly motivated, self-learner, and technically inquisitive', 'Experience in programming language Java and understanding of the software development life cycle', 'Knowledge of Statistics, SAS, Python, Computer Vision, data visualization tools', 'Excellent written and verbal communication skills', 'Please understand skills and relevant experience on real world projects are required by clients for selection even if its Junior or entry level position the additional skills and Project work with hands on experience building projects at client site are the only way a candidate can be picked by clients']}]","[{'title': 'ZipRecruiter', 'link': 'https://www.ziprecruiter.com/c/SynergisticIT/Job/Entry-Level-Python-Programmer-Data-scientist-Analyst/-in-Carson,CA?jid=20310e68825414d5&utm_campaign=google_jobs_apply&utm_source=google_jobs_apply&utm_medium=organic'}, {'title': 'Jobcase', 'link': 'https://www.jobcase.com/jobs/view/n/U-108292250714?jlsrc=3&utm_term=Entry+Level+Python+Programmer/Data+scientist/Analyst&utm_campaign=google_jobs_apply&utm_source=google_jobs_apply&utm_medium=organic'}, {'title': 'Bulwark Construction Company', 'link': 'https://bulwarkconstruction.ng/library/job/entry-level-python-programmerdata-scientistanalyst-at-synergisticit-carson-ca-OUplZnArK2Q2Q21PQmwvU2h6ZHJWTFJUR2c9PQ==?utm_campaign=google_jobs_apply&utm_source=google_jobs_apply&utm_medium=organic'}, {'title': 'Yodisabledproud.org', 'link': 'https://yodisabledproud.org/job-library/job/entry-level-python-programmerdata-scientistanalyst-at-synergisticit-carson-ca-dW5nZmI5NVVBNWxqcExBdDg4YkVMYzVTVXc9PQ==?utm_campaign=google_jobs_apply&utm_source=google_jobs_apply&utm_medium=organic'}, {'title': 'Male Grooming Sets', 'link': 'https://malegroomingsets.com/office/job/entry-level-python-programmerdata-scientistanalyst-at-synergisticit-carson-ca-cU1wdXEzbTZPNEZZdi9DcU5hR09MaHhuQkE9PQ==?utm_campaign=google_jobs_apply&utm_source=google_jobs_apply&utm_medium=organic'}, {'title': 'Carservicestop.co.uk', 'link': 'https://carservicestop.co.uk/list/job/entry-level-python-programmerdata-scientistanalyst-at-synergisticit-carson-ca-S0srWkgwblJrdTEyVzlPM3dXMWtpdVZXOEE9PQ==?utm_campaign=google_jobs_apply&utm_source=google_jobs_apply&utm_medium=organic'}, {'title': 'Humberto Quintero', 'link': 'http://humbertoquintero.com/work/job/entry-level-python-programmerdata-scientistanalyst-at-synergisticit-carson-ca-dDJuMWFHT2RzNXlmdEszdkt2azhnS2lkTlE9PQ==?utm_campaign=google_jobs_apply&utm_source=google_jobs_apply&utm_medium=organic'}]",eyJqb2JfdGl0bGUiOiJFbnRyeSBMZXZlbCBQeXRob24gUHJvZ3JhbW1lci9EYXRhIHNjaWVudGlzdC9BbmFseXN0IiwiY29tcGFueV9uYW1lIjoiU3luZXJnaXN0aWNJVCIsImFkZHJlc3NfY2l0eSI6IkNhcnNvbiwgQ0EiLCJodGlkb2NpZCI6Ii1IRlpQOU5lVGVzdE5UUFBBQUFBQUE9PSIsImhsIjoiZW4ifQ==
6,"Data Analyst, Senior",PIH Health Physicians (PHP),"Whittier, CA",PIH Health,https://www.google.com/search?ibp=htl;jobs&q=Data+analyst+jobs&htidocid=6V3K1G3E6ngx5gTVAAAAAA%3D%3D&hl=en-US&shndl=-1&shem=vslcea&source=sh/x/job/li/m1/1#fpstate=tldetail&htivrt=jobs&htiq=Data+analyst+jobs&htidocid=6V3K1G3E6ngx5gTVAAAAAA%3D%3D,"['11 days ago', 'Full-time']","{'posted_at': '11 days ago', 'schedule_type': 'Full-time'}","The Senior Decision Support Analyst is responsible for maintaining and supporting the Decision Support Systems to include: ensuring the integrity of the data infrastructure; analysis of both internal and external data in support of day to day operations; development of various operational ad-hoc and recurring reports by synthesizing data from multiple sources into clear, meaningful decision making tools. As a key member of the Decision Support team, the Senior Decision Support Analyst collaboratively works across the organization supporting daily operational reporting and analysis of key performance metrics in support of the BHP organization’s initiatives and goals.

PIH Health is a nonprofit, regional healthcare network that serves approximately 3 million residents in the Los Angeles County, Orange County and San Gabriel Valley region. The fully integrated network is comprised of PIH Health Downey Hospital, PIH Health Good Samaritan Hospital, PIH Health Whittier Hospital, 37 outpatient medical office buildings, a multispecialty medical (physician) group, home healthcare services and hospice care, as well as heart, cancer, digestive health, orthopedics, women’s health, urgent care and emergency services. The organization is nationally recognized for excellence in patient care and patient experience, and the College of Healthcare Information Management Executives (CHIME) has identified PIH Health as one of the nation’s top hospital systems for best practices, cutting-edge advancements, quality of care and healthcare technology. For more information, visit PIHHealth.org or follow us on Facebook, Twitter, or Instagram.

Required Skills
• Strong working knowledge of the current ambulatory health care industry.
• Exceptional analytical abilities.
• Advanced knowledge of Microsoft Excel, Access, MSSQL script and database structures.
• Experience with financial and data modeling to support organizational decision making, annual planning cycle and HMO contract negotiations.
• Strong technical and attention to detail skills required.

Required Experience
• Formal training will be indicated by a Bachelor’s degree. Concentration in Business Administration, Healthcare Administration or Information Systems preferred.
• Minimum five years experience performing database management and data analysis in Accounting, Finance or Decision Support departments, preferably in a managed care healthcare environment.

Address
6557 Greenleaf Ave.

Salary
72841.60-120161.60

Shift
Days

FLSA Status
Professional-Exempt

Zip Code
90601","[{'title': 'Qualifications', 'items': ['Strong working knowledge of the current ambulatory health care industry', 'Exceptional analytical abilities', 'Advanced knowledge of Microsoft Excel, Access, MSSQL script and database structures', 'Experience with financial and data modeling to support organizational decision making, annual planning cycle and HMO contract negotiations', 'Strong technical and attention to detail skills required', 'Formal training will be indicated by a Bachelor’s degree']}, {'title': 'Responsibilities', 'items': ['The Senior Decision Support Analyst is responsible for maintaining and supporting the Decision Support Systems to include: ensuring the integrity of the data infrastructure; analysis of both internal and external data in support of day to day operations; development of various operational ad-hoc and recurring reports by synthesizing data from multiple sources into clear, meaningful decision making tools', 'As a key member of the Decision Support team, the Senior Decision Support Analyst collaboratively works across the organization supporting daily operational reporting and analysis of key performance metrics in support of the BHP organization’s initiatives and goals']}]","[{'title': 'PIH Health', 'link': 'https://jobs.pihhealth.org/job/whittier/data-analyst-senior/912/69603395520?utm_campaign=google_jobs_apply&utm_source=google_jobs_apply&utm_medium=organic'}, {'title': 'AMCP Career Center', 'link': 'https://careers.amcp.org/jobs/20499530/decision-support-analyst-senior?utm_campaign=google_jobs_apply&utm_source=google_jobs_apply&utm_medium=organic'}, {'title': 'ZipRecruiter', 'link': 'https://www.ziprecruiter.com/c/PIH-Health/Job/Decision-Support-Analyst,-Senior/-in-Whittier,CA?jid=ccb2c244155cc567&utm_campaign=google_jobs_apply&utm_source=google_jobs_apply&utm_medium=organic'}, {'title': 'SilkRoad Technology', 'link': 'https://jobs.silkroad.com/PIH/PIHStaffPortal/jobs/23199?utm_campaign=google_jobs_apply&utm_source=google_jobs_apply&utm_medium=organic'}, {'title': 'LinkedIn', 'link': 'https://www.linkedin.com/jobs/view/data-analyst-senior-at-pih-health-4019338087?utm_campaign=google_jobs_apply&utm_source=google_jobs_apply&utm_medium=organic'}, {'title': 'Health Occupations Students Of America (HOSA), HOSA Career Center - HOSA', 'link': 'https://careers.hosa.org/jobs/20499530/data-analyst-senior?utm_campaign=google_jobs_apply&utm_source=google_jobs_apply&utm_medium=organic'}, {'title': 'College Of Charleston', 'link': 'https://alumnijobs.cofc.edu/jobs/20499530/data-analyst-senior?utm_campaign=google_jobs_apply&utm_source=google_jobs_apply&utm_medium=organic'}, {'title': 'Indeed', 'link': 'https://www.indeed.com/viewjob?jk=8136406f7b010651&utm_campaign=google_jobs_apply&utm_source=google_jobs_apply&utm_medium=organic'}]",eyJqb2JfdGl0bGUiOiJEYXRhIEFuYWx5c3QsIFNlbmlvciIsImNvbXBhbnlfbmFtZSI6IlBJSCBIZWFsdGggUGh5c2ljaWFucyAoUEhQKSIsImFkZHJlc3NfY2l0eSI6IldoaXR0aWVyLCBDQSIsImh0aWRvY2lkIjoiNlYzSzFHM0U2bmd4NWdUVkFBQUFBQT09IiwiaGwiOiJlbiJ9
7,SAP Master Data Analyst (Hybrid),"Lakeshore Learning Materials, LLC","Long Beach, CA",Glassdoor,https://www.google.com/search?ibp=htl;jobs&q=Data+analyst+jobs&htidocid=qv7K-W6X-JIw7mgBAAAAAA%3D%3D&hl=en-US&shndl=-1&shem=vslcea&source=sh/x/job/li/m1/1#fpstate=tldetail&htivrt=jobs&htiq=Data+analyst+jobs&htidocid=qv7K-W6X-JIw7mgBAAAAAA%3D%3D,"['14 days ago', '70K–80K a year', 'Full-time', 'No degree mentioned', 'Health insurance', 'Dental insurance']","{'posted_at': '14 days ago', 'salary': '70K–80K a year', 'schedule_type': 'Full-time', 'qualifications': 'No degree mentioned', 'health_insurance': True, 'dental_coverage': True}","Company Description

At Lakeshore, we create innovative learning materials and world-class guest experiences for teachers, parents and children. Since 1954, we’ve grown into a global community—with a thriving e-commerce business, multiple catalogs, 60+ retail stores, a peerless national sales force, plus international offices that support our preeminent supply chain division. But today we’re working better, smarter and faster than ever—and setting our sights even higher. We’re building an infrastructure designed for scalability, embracing data-driven decision-making and using technology to improve efficiency and ensure the best tools for the best work. Most importantly, we continue to invest in a diverse team of inquisitive top talent who fuel each other’s passions and curiosity, take risks, try new things, and believe that every new day brings opportunities for growth

Job Description

We are seeking a SAP Master Data Analyst to join our team. In this role, you will be responsible for the creation, validation, and maintenance of SAP data records. You will ensure the precision and integrity of organizational data, diligently adhering to established data governance rules. You will actively engage in building comprehensive documentation to streamline and enhance the workflow processes within the Master Data team. You will support the team's mission to maintain data accuracy, uphold data standards and foster continuous improvement within master data management (MDM) practices.

A day in the office looks like this:
• Providing guidance on MDM reporting and data extraction needs, including reviewing GUI table access. Building and maintaining processes and workflows to facilitate efficient data reporting
• Providing knowledge of Fiori and GUI tables for creating and implementing changes related to all MDM activities
• Maintaining Request Templates and create comprehensive documentation for all relevant MDM Fiori Tiles, ensuring consistency and accessibility
• Documenting all MDM scenarios and establish RACI (Responsible, Accountable, Consulted, Informed) matrices to clarify roles and responsibilities
• Monitoring project statuses and effectively communicate ticket statuses to stakeholders
Continuously evaluating and improving MDM processes, streamlining workflows and enhancing efficiency
• Qualifications

Got the skills and experience? Here’s what we’re looking for:
• 2 years of experience in SAP MDM
• SAP Winshuttle experience a plus
• SAP expertise: knowledge of SAP modules and functions relevant to master data management,
• Data integration: experience in integrating master data across different systems, ensuring consistency and accuracy through data mapping, transformation and validation processes
• Data quality management: Experience in establishing data quality standards, monitoring data quality and implementing data cleansing processes
• Data governance: Understanding of data governance principles, policies and practices to
• Documentation: Proficiency in documenting data processes, workflows, data dictionaries and standard operating procedures
• Problem-solving: Aptitude for identifying complex data issues and developing effective solutions, often in collaboration with cross-functional teams
• Attention to detail: Strong focus on accuracy and precision when managing critical data elements
• Communication: Skilled at conveying technical information clearly to both technical and nontechnical stakeholders, and actively listening to gather requirements and address concerns
• Collaboration: Ability to work seamlessly with various teams, departments and stakeholders to achieve common data-related objectives
• Change management: Skilled at planning, organizing and executing data management projects within specified timelines and budgets

Additional Information

And here’s our end of the bargain!
• Salary: $70,000-$80,000 with an annual bonus of up to 10%
• Paid leave for new parents to support work/life balance and family bonding
• Excellent medical/dental and vision coverage—EPO, PPO and HSA
• 401(k) retirement plan with company contribution (because you will retire someday)
• Flexible benefits—choose what you like, ignore the rest
• On-site preschool for our employees’ children
• On-site employee gym for all levels/fitness needs
• Generous employee discount on products that make you smarter
• Casual dress…and we really mean it

At Lakeshore, we know our diversity makes us stronger, and when everyone feels included and valued, we all win. We strive to embrace our differences and create an intentionally diverse and inclusive community that is representative of the teachers, families and children we serve.

We know we couldn’t do the extraordinary things we’re doing without the people on our team. Thanks to the passion and enthusiasm of this spectacular group, Lakeshore is more than a great place to work—it’s a great experience to be part of. Day in and day out, we give everything we’ve got to create products that instill a sense of wonder and foster a true love of learning. To help maintain this high bar for success, we’re constantly on the lookout for people to join us. So if you’re a down-to-earth professional who shares our desire for making a difference, we’d love to hear from you.

To learn more about Lakeshore, visit www.lakeshorelearning.com/careers

Equal Employment Opportunity Policy

People are selected to become members of the Lakeshore family based on skill, merit and mind-boggling talent—not based on race, color, creed, sexual orientation, gender or gender identity, marital status, domestic partnership status, military status, religion, age, national origin, ancestry, alienage, AIDS or AIDS-related complex status, genetic information, predisposition or carrier status, status as a victim of domestic violence, physical or mental disability, or any other characteristic protected by applicable law. If things aren’t equal, we all lose.

To learn about how we collect and use Applicant information, please visit our Employee/Applicant Privacy Policy. INDRLL11","[{'title': 'Qualifications', 'items': ['2 years of experience in SAP MDM', 'SAP expertise: knowledge of SAP modules and functions relevant to master data management,', 'Data integration: experience in integrating master data across different systems, ensuring consistency and accuracy through data mapping, transformation and validation processes', 'Data quality management: Experience in establishing data quality standards, monitoring data quality and implementing data cleansing processes', 'Data governance: Understanding of data governance principles, policies and practices to', 'Documentation: Proficiency in documenting data processes, workflows, data dictionaries and standard operating procedures', 'Problem-solving: Aptitude for identifying complex data issues and developing effective solutions, often in collaboration with cross-functional teams', 'Attention to detail: Strong focus on accuracy and precision when managing critical data elements', 'Communication: Skilled at conveying technical information clearly to both technical and nontechnical stakeholders, and actively listening to gather requirements and address concerns', 'Collaboration: Ability to work seamlessly with various teams, departments and stakeholders to achieve common data-related objectives', 'Change management: Skilled at planning, organizing and executing data management projects within specified timelines and budgets']}, {'title': 'Benefits', 'items': ['Salary: $70,000-$80,000 with an annual bonus of up to 10%', 'Paid leave for new parents to support work/life balance and family bonding', 'Excellent medical/dental and vision coverage—EPO, PPO and HSA', '401(k) retirement plan with company contribution (because you will retire someday)', 'Flexible benefits—choose what you like, ignore the rest', 'On-site preschool for our employees’ children', 'On-site employee gym for all levels/fitness needs', 'Generous employee discount on products that make you smarter']}, {'title': 'Responsibilities', 'items': ['In this role, you will be responsible for the creation, validation, and maintenance of SAP data records', 'You will ensure the precision and integrity of organizational data, diligently adhering to established data governance rules', 'You will actively engage in building comprehensive documentation to streamline and enhance the workflow processes within the Master Data team', ""You will support the team's mission to maintain data accuracy, uphold data standards and foster continuous improvement within master data management (MDM) practices"", 'Providing guidance on MDM reporting and data extraction needs, including reviewing GUI table access', 'Building and maintaining processes and workflows to facilitate efficient data reporting', 'Providing knowledge of Fiori and GUI tables for creating and implementing changes related to all MDM activities', 'Maintaining Request Templates and create comprehensive documentation for all relevant MDM Fiori Tiles, ensuring consistency and accessibility', 'Documenting all MDM scenarios and establish RACI (Responsible, Accountable, Consulted, Informed) matrices to clarify roles and responsibilities', 'Monitoring project statuses and effectively communicate ticket statuses to stakeholders', 'Continuously evaluating and improving MDM processes, streamlining workflows and enhancing efficiency']}]","[{'title': 'Glassdoor', 'link': 'https://www.glassdoor.com/job-listing/sap-master-data-analyst-hybrid-lakeshore-learning-materials-llc-JV_IC1146819_KO0,30_KE31,63.htm?jl=1009263782592&utm_campaign=google_jobs_apply&utm_source=google_jobs_apply&utm_medium=organic'}, {'title': 'WhatJobs', 'link': 'https://www.whatjobs.com/job/SAP-Master-Data/long-beach/1657701376?utm_campaign=google_jobs_apply&utm_source=google_jobs_apply&utm_medium=organic'}]",eyJqb2JfdGl0bGUiOiJTQVAgTWFzdGVyIERhdGEgQW5hbHlzdCAoSHlicmlkKSIsImNvbXBhbnlfbmFtZSI6Ikxha2VzaG9yZSBMZWFybmluZyBNYXRlcmlhbHMsIExMQyIsImFkZHJlc3NfY2l0eSI6IkxvbmcgQmVhY2gsIENBIiwiaHRpZG9jaWQiOiJxdjdLLVc2WC1KSXc3bWdCQUFBQUFBPT0iLCJobCI6ImVuIn0=
8,Data Scientist,Paramount,"Los Angeles, CA",Paramount Careers,https://www.google.com/search?ibp=htl;jobs&q=Data+analyst+jobs&htidocid=qpjSZ37RavMUtkA0AAAAAA%3D%3D&hl=en-US&shndl=-1&shem=vslcea&source=sh/x/job/li/m1/1#fpstate=tldetail&htivrt=jobs&htiq=Data+analyst+jobs&htidocid=qpjSZ37RavMUtkA0AAAAAA%3D%3D,"['29 days ago', 'Full-time', 'Dental insurance', 'Health insurance', 'Paid time off']","{'posted_at': '29 days ago', 'schedule_type': 'Full-time', 'dental_coverage': True, 'health_insurance': True, 'paid_time_off': True}","OVERVIEW & RESPONSIBILITIES

Under the mentorship of the Executive Director of Global Analytics and Data Science, this role is centered on developing machine learning models, advanced analytics tools, web applications, and backend engineering infrastructure. These initiatives are momentous in shaping strategies across Production, Marketing, and Distribution at Paramount Pictures. The ideal candidate is a data scientist who relishes the challenge of defining and solving complex mathematical problems and applying these solutions to real-world business challenges. Your contributions will be indispensable in delivering best-in-class, big data-driven insights and AI products within the movie industry.
• Data Analysis and Metric Development: Apply large datasets to develop and refine robust key performance indicators that monitor marketing initiatives, box office performance, and other pertinent metrics across both domestic and international markets.
• Automation and Visualization: Automate the calculation and visualization of these preeminent metrics for routine reporting, ensuring they deliver reliable and actionable insights.
• Machine Learning and Statistical Modeling: Conduct research, recommend, and implement machine learning and statistical models to support various business initiatives. Ensure the appropriate application of innovative models with academic rigor that are well-suited to our business use cases.
• Dashboard and Application Development: Design and create advanced Tableau dashboards and applications that effectively communicate analytical insights to a broad spectrum of partners, from business analysts to C-suite executives. This responsibility includes architecting and developing robust backend calculation pipelines that support the functionality and scalability of these dashboards and applications.
• Partner Communication: Reliably present technical results and strategic insights to both technical and non-technical allies. Collaborate closely with data engineers to secure high-quality data and to understand the orchestration environment for calculation pipeline deployment. Partner with business analysts to translate business requests into technical specifications.

BASIC QUALIFICATIONS
• Educational Background: Possess a graduate degree in Data Science, Computer Science, Business Analytics, Statistics, Economics, Applied Mathematics, or a related quantitative field from a prestigious institution.
• Professional Experience: Minimum of six months of industry or internship experience in a data science or machine learning engineering role, demonstrating strong proficiency in Python, SQL, and version control using Git.
• Technical Skills: Tried ability to independently fit, evaluate, and interpret statistical and machine learning models within a business context.
• Communication Skills: Excellent verbal and written communication skills, crucial for documenting findings and fostering effective daily collaborations.
• Project Management: Ability to prioritize and meet deadlines in a dynamic environment.
• Attention to Detail: Prodigious attention to detail, ensuring precision in data analysis, model development, and reporting.

ADDITIONAL QUALIFICATIONS
• Data orchestration tools such as Airflow.
• Data warehousing solutions like Snowflake.
• Cloud services, including Amazon Web Services (AWS) and Google Cloud Platform (GCP).
• Development environments like Visual Studio Code.
• Programming skills in HTML, C, or Java.
• Web application development.
• Data pipeline ingestion processes.
• A high degree of curiosity and motivation to learn new technologies and methodologies.
• Stellar problem-solving skills and logical thinking.
• A strong interest in AI and enthusiasm for AI product development.

#LI-FV-40295

#LI-HYBRID

Founded in 1912, Paramount Pictures works with talented filmmakers to produce and distribute entertainment around the world. The film studio’s iconic logo has opened some of the most successful and beloved films in cinematic history, including timeless classics such as The Godfather, Chinatown, Forrest Gump and Titanic; and blockbuster franchises such as Star Trek, Transformers, Mission: Impossible and Sonic the Hedgehog. Recent, innovative, break-out films such as The Wolf of Wall Street, Arrival, Rocketman, and A Quiet Place have added to Paramount’s film legacy. With a beautiful 65-acre lot in the heart of Hollywood, a worldwide network of offices and a culture of engagement, Paramount Pictures’ passionate employees ensure the studio continues to deliver creativity and innovation to a dynamic industry. Paramount Pictures controls a collection of some of the most powerful brands in filmed entertainment, including Paramount Pictures, Paramount Animation, and Paramount Players. PPC operations also include Paramount Home Entertainment, Paramount Pictures International, Paramount Licensing Inc., and Paramount Studio Group. Paramount Pictures is a subsidiary of Paramount, which connects with billions of people worldwide through its global brands including MTV, CBS, Paramount Network, Nickelodeon, Comedy Central, BET and streaming service Paramount+.

ADDITIONAL INFORMATION

Hiring Salary Range: $110,000.00 - 125,000.00.

The hiring salary range for this position applies to New York, California, Colorado, Washington state, and most other geographies. Starting pay for the successful applicant depends on a variety of job-related factors, including but not limited to geographic location, market demands, experience, training, and education. The benefits available for this position include medical, dental, vision, 401(k) plan, life insurance coverage, disability benefits, tuition assistance program and PTO or, if applicable, as otherwise dictated by the appropriate Collective Bargaining Agreement. This position is bonus eligible.

https://www.paramount.com/careers/benefits

Paramount is an equal opportunity employer (EOE) including disability/vet.

At Paramount, the spirit of inclusion feeds into everything that we do, on-screen and off. From the programming and movies we create to employee benefits/programs and social impact outreach initiatives, we believe that opportunity, access, resources and rewards should be available to and for the benefit of all. Paramount is proud to be an equal opportunity workplace and is an affirmative action employer. We are committed to equal employment opportunity regardless of race, color, ethnicity, ancestry, religion, creed, sex, national origin, sexual orientation, age, citizenship status, marital status, disability, gender identity, gender expression, and Veteran status.

If you are a qualified individual with a disability or a disabled veteran, you may request a reasonable accommodation if you are unable or limited in your ability to use or access https://www.paramount.com/careers as a result of your disability. You can request reasonable accommodations by calling 212.846.5500 or by sending an email to paramountaccommodations@paramount.com. Only messages left for this purpose will be returned.","[{'title': 'Qualifications', 'items': ['Educational Background: Possess a graduate degree in Data Science, Computer Science, Business Analytics, Statistics, Economics, Applied Mathematics, or a related quantitative field from a prestigious institution', 'Professional Experience: Minimum of six months of industry or internship experience in a data science or machine learning engineering role, demonstrating strong proficiency in Python, SQL, and version control using Git', 'Technical Skills: Tried ability to independently fit, evaluate, and interpret statistical and machine learning models within a business context', 'Communication Skills: Excellent verbal and written communication skills, crucial for documenting findings and fostering effective daily collaborations', 'Project Management: Ability to prioritize and meet deadlines in a dynamic environment', 'Attention to Detail: Prodigious attention to detail, ensuring precision in data analysis, model development, and reporting', 'Data orchestration tools such as Airflow', 'Data warehousing solutions like Snowflake', 'Cloud services, including Amazon Web Services (AWS) and Google Cloud Platform (GCP)', 'Development environments like Visual Studio Code', 'Programming skills in HTML, C, or Java', 'Web application development', 'Data pipeline ingestion processes', 'A high degree of curiosity and motivation to learn new technologies and methodologies', 'Stellar problem-solving skills and logical thinking', 'A strong interest in AI and enthusiasm for AI product development']}, {'title': 'Benefits', 'items': ['Hiring Salary Range: $110,000.00 - 125,000.00', 'The hiring salary range for this position applies to New York, California, Colorado, Washington state, and most other geographies', 'Starting pay for the successful applicant depends on a variety of job-related factors, including but not limited to geographic location, market demands, experience, training, and education', 'The benefits available for this position include medical, dental, vision, 401(k) plan, life insurance coverage, disability benefits, tuition assistance program and PTO or, if applicable, as otherwise dictated by the appropriate Collective Bargaining Agreement', 'This position is bonus eligible']}, {'title': 'Responsibilities', 'items': ['Under the mentorship of the Executive Director of Global Analytics and Data Science, this role is centered on developing machine learning models, advanced analytics tools, web applications, and backend engineering infrastructure', 'Your contributions will be indispensable in delivering best-in-class, big data-driven insights and AI products within the movie industry', 'Data Analysis and Metric Development: Apply large datasets to develop and refine robust key performance indicators that monitor marketing initiatives, box office performance, and other pertinent metrics across both domestic and international markets', 'Automation and Visualization: Automate the calculation and visualization of these preeminent metrics for routine reporting, ensuring they deliver reliable and actionable insights', 'Machine Learning and Statistical Modeling: Conduct research, recommend, and implement machine learning and statistical models to support various business initiatives', 'Ensure the appropriate application of innovative models with academic rigor that are well-suited to our business use cases', 'Dashboard and Application Development: Design and create advanced Tableau dashboards and applications that effectively communicate analytical insights to a broad spectrum of partners, from business analysts to C-suite executives', 'This responsibility includes architecting and developing robust backend calculation pipelines that support the functionality and scalability of these dashboards and applications', 'Partner Communication: Reliably present technical results and strategic insights to both technical and non-technical allies', 'Collaborate closely with data engineers to secure high-quality data and to understand the orchestration environment for calculation pipeline deployment', 'Partner with business analysts to translate business requests into technical specifications']}]","[{'title': 'Paramount Careers', 'link': 'https://careers.paramount.com/job/Los-Angeles-Data-Scientist-CA-90038/1171290500/?utm_campaign=google_jobs_apply&utm_source=google_jobs_apply&utm_medium=organic'}, {'title': 'LinkedIn', 'link': 'https://www.linkedin.com/jobs/view/data-scientist-at-paramount-pictures-3927856491?utm_campaign=google_jobs_apply&utm_source=google_jobs_apply&utm_medium=organic'}, {'title': 'ShowbizJobs', 'link': 'https://www.showbizjobs.com/jobs/paramount--data-scientist-in-los-angeles/jid-g3795n?utm_campaign=google_jobs_apply&utm_source=google_jobs_apply&utm_medium=organic'}, {'title': 'Indeed', 'link': 'https://www.indeed.com/viewjob?jk=f318049af06df75b&utm_campaign=google_jobs_apply&utm_source=google_jobs_apply&utm_medium=organic'}, {'title': 'Glassdoor', 'link': 'https://www.glassdoor.com/job-listing/data-scientist-paramount-pictures-JV_IC1146821_KO0,14_KE15,33.htm?jl=1009414541803&utm_campaign=google_jobs_apply&utm_source=google_jobs_apply&utm_medium=organic'}, {'title': 'Ladders', 'link': 'https://www.theladders.com/job-listing/data-scientist-paramount-unified-school-district-los-angeles-ca-_v2_-7-232597894.html?utm_campaign=google_jobs_apply&utm_source=google_jobs_apply&utm_medium=organic'}, {'title': 'SimplyHired', 'link': 'https://www.simplyhired.com/job/8j21jrjc-LHTRfKAsEmIn6UC00KMwfmesErPgeQSREkUKM3aNXFeeA?utm_campaign=google_jobs_apply&utm_source=google_jobs_apply&utm_medium=organic'}, {'title': 'LazyApply', 'link': 'https://lazyapply.com/jobpreview/job_f318049af06df75b?utm_campaign=google_jobs_apply&utm_source=google_jobs_apply&utm_medium=organic'}]",eyJqb2JfdGl0bGUiOiJEYXRhIFNjaWVudGlzdCIsImNvbXBhbnlfbmFtZSI6IlBhcmFtb3VudCIsImFkZHJlc3NfY2l0eSI6IkxvcyBBbmdlbGVzLCBDQSIsImh0aWRvY2lkIjoicXBqU1ozN1Jhdk1VdGtBMEFBQUFBQT09IiwiaGwiOiJlbiJ9
9,Data Analyst I,Tarzana Treatment Centers,"Los Angeles, CA",LinkedIn,https://www.google.com/search?ibp=htl;jobs&q=Data+analyst+jobs&htidocid=RkeDemlU7WFl5McZAAAAAA%3D%3D&hl=en-US&shndl=-1&shem=vslcea&source=sh/x/job/li/m1/1#fpstate=tldetail&htivrt=jobs&htiq=Data+analyst+jobs&htidocid=RkeDemlU7WFl5McZAAAAAA%3D%3D,"['Full-time', 'Paid time off', 'Dental insurance', 'Health insurance']","{'schedule_type': 'Full-time', 'paid_time_off': True, 'dental_coverage': True, 'health_insurance': True}","Position Title: Data Analyst I

Department: Information Technology

Reports To: Director

Position Summary

Data Analyst I: Full-time position. Will be primarily involved in project evaluation: 1) design data collection instruments; 2) collect client demographics and program data; 3) develop electronic to document data collection, 4) utilize Microsoft Excel and other statistical software to analyze and interpret data, and 5) assist in preparing progress and evaluation reports.

Must have excellent writing and communication skills; strong organizational skills; and ability to work with a team.

Must have a Bachelor's degree and/or equivalent work experience in quantitative and qualitative data analysis using Excel.

Salary Range

$25.75 - $29.50 per hour DOE

We Offer a Competitive Benefits Package
• Medical Insurance
• Dental Insurance
• Vision Care Plan
• Life Insurance
• Paid Holidays (12)
• Paid Vacation Time
• Sick Time
• 401(k) Retirement Plan
• Competitive wages
• Stability and career advancement
• Continuing Education Opportunities

HOURS

40 per week, Monday-Friday.

CATEGORIES OF DUTIES
• Designs data collection instruments, including forms and fields in currently utilized data gathering software
• Utilizes SPSS and other statistical software to analyze and interpret data
• Prepares SPSS syntax files
• Develops reports for agency’s performance improvement and management decision-making
• Responds to data requests for grant/proposal preparation and other needs of the agency
• Performs other related duties as assigned by Administrator or Director of Program Development

Education/Experience

Bachelor’s degree and/or equivalent work experience in quantitative and qualitative data analysis using SPSS.

SETTING

Tarzana Treatment Centers, Inc. is a non-profit corporation, which provides behavioral healthcare services, including chemical dependency.

EQUAL OPPORTUNITY EMPLOYER

Tarzana Treatment Centers, Inc. does not discriminate as to age, race, nationality, religion, gender, sexual orientation and disability in its hiring practices.

ADA REQUIREMENT

Tarzana Treatment Centers, Inc. supports the American with Disabilities Act. Discrimination is prohibited in all aspects of employment against disabled persons, who, with reasonable accommodations, can perform the essential functions of a job.

#SJ2021","[{'title': 'Qualifications', 'items': ['Must have excellent writing and communication skills; strong organizational skills; and ability to work with a team', ""Must have a Bachelor's degree and/or equivalent work experience in quantitative and qualitative data analysis using Excel"", 'Bachelor’s degree and/or equivalent work experience in quantitative and qualitative data analysis using SPSS']}, {'title': 'Benefits', 'items': ['$25.75 - $29.50 per hour DOE', 'We Offer a Competitive Benefits Package', 'Medical Insurance', 'Dental Insurance', 'Vision Care Plan', 'Life Insurance', 'Paid Holidays (12)', 'Paid Vacation Time', 'Sick Time', '401(k) Retirement Plan', 'Competitive wages', 'Stability and career advancement', 'Continuing Education Opportunities', '40 per week, Monday-Friday']}, {'title': 'Responsibilities', 'items': ['Will be primarily involved in project evaluation: 1) design data collection instruments; 2) collect client demographics and program data; 3) develop electronic to document data collection, 4) utilize Microsoft Excel and other statistical software to analyze and interpret data, and 5) assist in preparing progress and evaluation reports', 'Designs data collection instruments, including forms and fields in currently utilized data gathering software', 'Utilizes SPSS and other statistical software to analyze and interpret data', 'Prepares SPSS syntax files', 'Develops reports for agency’s performance improvement and management decision-making', 'Responds to data requests for grant/proposal preparation and other needs of the agency', 'Performs other related duties as assigned by Administrator or Director of Program Development']}]","[{'title': 'LinkedIn', 'link': 'https://www.linkedin.com/jobs/view/data-analyst-i-at-tarzana-treatment-centers-3978137188?utm_campaign=google_jobs_apply&utm_source=google_jobs_apply&utm_medium=organic'}, {'title': 'ZipRecruiter', 'link': 'https://www.ziprecruiter.com/c/Tarzana-Treatment-Centers,-Inc./Job/Data-Analyst-I/-in-Los-Angeles,CA?jid=77dd871555f0c2b6&utm_campaign=google_jobs_apply&utm_source=google_jobs_apply&utm_medium=organic'}, {'title': 'Talent.com', 'link': 'https://www.talent.com/view?id=728bc0f52bee&utm_campaign=google_jobs_apply&utm_source=google_jobs_apply&utm_medium=organic'}, {'title': 'Monster', 'link': 'https://www.monster.com/job-openings/data-analyst-i-tarzana-ca--58ee254d-a1d5-41bf-8a22-0ceefaab6930?utm_campaign=google_jobs_apply&utm_source=google_jobs_apply&utm_medium=organic'}, {'title': 'Snagajob', 'link': 'https://www.snagajob.com/jobs/999591456?utm_campaign=google_jobs_apply&utm_source=google_jobs_apply&utm_medium=organic'}, {'title': 'Adzuna', 'link': 'https://www.adzuna.com/details/4864813703?utm_campaign=google_jobs_apply&utm_source=google_jobs_apply&utm_medium=organic'}, {'title': 'BeBee', 'link': 'https://us.bebee.com/job/dc6df39846f5a20f4b253d65980f11cf?utm_campaign=google_jobs_apply&utm_source=google_jobs_apply&utm_medium=organic'}, {'title': 'J-O-B-Z', 'link': 'https://j-o-b-z.com/seo/job/115717951/ca/losangeles/data-analyst-i?utm_campaign=google_jobs_apply&utm_source=google_jobs_apply&utm_medium=organic'}]",eyJqb2JfdGl0bGUiOiJEYXRhIEFuYWx5c3QgSSIsImNvbXBhbnlfbmFtZSI6IlRhcnphbmEgVHJlYXRtZW50IENlbnRlcnMiLCJhZGRyZXNzX2NpdHkiOiJMb3MgQW5nZWxlcywgQ0EiLCJodGlkb2NpZCI6IlJrZURlbWxVN1dGbDVNY1pBQUFBQUE9PSIsImhsIjoiZW4ifQ==
